{"diver": [0.09600363162456117, 1.0179468550574795, 1.0362157997214132], "background": [0.28191440725087574, 0.9309285434731139, 0.8666279530529735], "fish": [0.06007316174642645, 0.9025698025873145, 0.8146322485425037], "turtle": [0.08812185171341216, 0.8514057883576562, 0.7248918164489222], "cuttlefish": [0.05252049622673623, 0.8346851259877712, 0.6966992595452216], "jellyfish": [0.006411798528473158, 1.0181790372512116, 1.0366885518978042], "scallop": [0.6765698726950479, 0.8233178039062338, 0.6778522062289837], "echinus": [0.16535981030950103, 0.9905208335757227, 0.9811315217475446], "starfish": [0.4750948897943691, 0.8088029571480153, 0.6541622234913742], "holothurian": [0.3682778779598983, 0.7720550979358423, 0.596069074248723], "corals": [-0.0514821858081166, 0.8219859192296619, 0.6756608514118322]}